Datum,Tijd,Valutadatum,Product,ISIN,Omschrijving,FX,Mutatie,,Saldo,,Order Id
19-12-2022,18:33,19-12-2022,FLATEX EURO BANKACCOUNT,NLFLATEXACNT,Degiro Cash Sweep Transfer,,EUR,"26,45",EUR,"27,80",
16-12-2022,09:05,15-12-2022,COCA-COLA COMPANY (THE,US1912161007,Dividend,,USD,"0,44",USD,"1,36",
16-12-2022,09:05,15-12-2022,COCA-COLA COMPANY (THE,US1912161007,Dividendbelasting,,USD,"-0,07",USD,"0,92",
15-12-2022,16:55,15-12-2022,VICI PROPERTIES INC. C,US9256521090,"Koop 1 @ 33,9 USD",,USD,"-33,90",USD,"-33,90",5925d76b-eb36-46e3-b017-a61a6d03c3e7
15-12-2022,16:55,15-12-2022,VICI PROPERTIES INC. C,US9256521090,DEGIRO Transactiekosten en/of kosten van derden,,EUR,"-1,00",EUR,"31,98",5925d76b-eb36-46e3-b017-a61a6d03c3e7
10-08-2021,16:18,10-08-2021,BANK NOVA SCOTIA HALIF,CA0641491075,"Verkoop 1 @ 63,97 USD",,USD,"63,97",USD,"63,97",4046d050-7530-40c3-8544-4d0580cd1cea
03-04-2023,09:04,03-04-2023,VANGUARD FTSE AW,IE00B3RBWM25,"Koop 1 @ 97,93 EUR",,EUR,-97.93,EUR,43.62,07d17d6b-cb47-4949-b9d7-2c506537783e
01-08-2023,10:03,01-08-2023,ISHARES NASDAQ US BIOTECHNOLOGY ETF,IE00BYXG2H39,"Verkoop 1 @ 5,416 EUR",,EUR,5.42,EUR,6.54,4c29dd81-bb01-40fa-8dda-aae3d05dae79
11-03-2024,10:39,11-03-2024,QT GROUP OYJ,FI4000198031,"Achat 6 QT GROUP OYJ@79,96 EUR (FI4000198031)",,EUR,-479.76,EUR,38.43,cce1bd4c-9404-49b0-b69a-43a5c307d3c5
18-03-2024,08:38,15-03-2024,REALTY INCOME CORP,US7561091049,Dividende,,USD,0.51,USD,0.36,
19-09-2024,20:20,19-09-2024,APPLE INC,US0378331005,Levantamento de divisa,1.1191,USD,-457.52,USD,0.00,711b1ad7-a370-4c88-bc86-074aada4a278
